Articulo,Precio
pr111a0d5-b11,"90,95"
pr111a03f-o11,"90,95"
pr111a0p6-s11,"91,95"
pr111a03c-k11,"90,95"
pr111a0qd-b11,"103,95"
pr111a0hu-k11,"98,95"
pr113a018-f11,"76,95"
pr111z007-802,"103,95"
pr111a0qe-k11,"126,95"
pr111a0qf-m11,"114,95"
pr111a0oj-q11,"116,95"
pr111a0qa-q11,"84,95"
pr111a0dd-q11,"107,95"
pr111a0df-c11,"90,95"
pr113a019-i11,"49,95"
pr111e03q-q11,"92,95"
pr111a0dd-k11,"90,95"
pr111a0qi-q11,"133,95"
pr111e03t-q11,"134,95"
pr111a0nv-q11,"110,95"
pr113a018-a13,"39,95"
pr113a018-k15,"39,95"
pr111e03e-o11,"79,95"
pr111e00q-k15,"76,95"
pr111a0nm-m11,"107,95"
pr111e03u-q11,"120,95"
pr111a0cf-d11,"97,95"
pr111a0qh-b11,"76,95"
pr111a0p9-t11,"91,95"
pr111e03v-q11,"121,95"
pr111a0qm-q11,"116,95"
pr111a0nv-b11,"110,95"
pr111n01p-q11,"121,95"
pr113a01c-j11,"49,95"
pr113a019-q11,"49,95"
pr111a0nv-i11,"110,95"
pr111a0qq-q11,"92,95"
pr111a0dn-t11,"82,95"
pr111b02s-t11,"105,95"
pr111a0qj-q11,"80,95"
pr111b02q-m11,"96,95"
pr111b02j-q11,"98,95"
pr113a01i-j11,"64,95"
pr113a019-j11,"99,95"
pr111b02q-q11,"139,95"
pr113a018-j15,"49,95"
pr111e03p-q11,"101,95"
pr111a0od-q11,"100,95"
pr111n01r-t11,"134,95"
pr111a0n5-j11,"97,95"
pr111a0h8-q11,"123,95"
pr111a0qg-j11,"76,95"
pr111n01n-q11,"134,95"
pr111a03f-m12,"67,95"
pr111a0qk-q11,"116,95"
pr111a0oy-d11,"229,95"
pr111b01g-b12,"118,95"
pr111a0qn-h11,"107,95"
pr111a0qo-t11,"73,95"
pr113a01i-q11,"64,95"
pr111a0ov-q11,"75,95"
pr111a0qk-i11,"93,95"
pr111e039-t11,"79,95"
pr113a01a-b11,"47,95"
pr113a018-j12,"54,95"
pr111a0qb-s11,"80,95"
pr111e03s-q11,"148,95"
pr111a0qp-t11,"85,95"
pr111a0qc-c11,"91,95"
pr111a0qh-q11,"85,95"
pr111a0pj-j11,"67,95"
pr111e033-q11,"98,95"
pr111e00x-k11,"119,95"
pr111a0om-j11,"76,95"
pr113a018-q12,"49,95"
pr111a0jt-t11,"63,95"
pr111a0nz-b11,"93,95"
pr111e03o-t11,"112,95"
pr111b02t-b11,"103,95"
pr111a0p0-j11,"79,95"
pr113a018-k16,"49,95"
pr111e03n-q11,"112,95"
pr111a0of-q12,"189,95"
pr111e03b-q11,"91,95"
pr111a0ow-t11,,"179,95"
pr111a0qd-b11,,"137,95"
pr113a018-k15,,"39,95"
pr111a0hu-k11,,"98,95"
pr111a0pa-a11,,"132,95"
pr111e03r-q11,,"99,95"
pr111a0bb-j11,,"118,95"
pr111a0ow-t11,,"179,95"
pr111a0qd-b11,,"137,95"
pr113a018-k15,,"39,95"
pr111a0qd-b11,"137,95","137,95"
pr113a018-k15,"39,95","39,95"
pr111a0hu-k11,"98,95","98,95"
pr111a0pa-a11,"132,95","132,95"
